<?xml version="1.0" encoding="UTF-8"?>

<Wyr3d>

  <set xpath="/vehicles/vehicle[@name='vehicleBicycle']/property[@name='velocityMax']/@value">5,8</set> 
  <set xpath="/vehicles/vehicle[@name='vehicleMinibike']/property[@name='velocityMax']/@value">8,12</set> 
  <set xpath="/vehicles/vehicle[@name='vehicleMotorcycle']/property[@name='velocityMax']/@value">15,30</set>
  <set xpath="/vehicles/vehicle[@name='vehicle4x4Truck']/property[@name='velocityMax']/@value">12,24</set>
  <set xpath="/vehicles/vehicle[@name='vehicleGyrocopter']/property[@name='velocityMax']/@value">8,12</set>

</Wyr3d>
