<bundle>
  <!-- Included from donovan-bettercement -->
  <remove xpath="/recipes/recipe[@name='resourceConcreteMix']/ingredient[@name='resourceCrushedSand']"/>
  <remove xpath="/recipes/recipe[@name='resourceCement']/ingredient[@name='unit_stone']"/>
  <set xpath="/recipes/recipe[@name='resourceCement']/@craft_area">cementMixer</set>
  <setattribute xpath="/recipes/recipe[@name='resourceCement']" name="craft_time">0.25</setattribute>
  <append xpath="/recipes/recipe[@name='resourceCement']">
    <ingredient name="resourceCrushedSand" count="2"/>
    <ingredient name="resourceClayLump" count="2"/>
  </append>
  <!-- Included from donovan-bettercollectors -->
  <append xpath="/recipes">
    <recipe name="resourceWaterFilter" count="1" tags="learnable,workbenchCrafting">
      <ingredient name="resourceScrapPolymers" count="100"/>
      <ingredient name="resourceCrushedSand" count="50"/>
      <ingredient name="resourceCoal" count="50"/>
      <ingredient name="resourceCloth" count="10"/>
      <ingredient name="resourceDuctTape" count="5"/>
    </recipe>
  </append>
  <!-- Included from donovan-betterdyes -->
  <append xpath="/recipes">
    <recipe name="modDyeRed" count="1">
      <ingredient name="resourcePaint" count="10"/>
    </recipe>
    <recipe name="modDyeGreen" count="1">
      <ingredient name="resourcePaint" count="10"/>
    </recipe>
    <recipe name="modDyeBlack" count="1">
      <ingredient name="resourcePaint" count="10"/>
    </recipe>
    <recipe name="modDyeBlue" count="1">
      <ingredient name="resourcePaint" count="10"/>
    </recipe>
    <recipe name="modDyeBrown" count="1">
      <ingredient name="resourcePaint" count="10"/>
    </recipe>
    <recipe name="modDyePink" count="1">
      <ingredient name="resourcePaint" count="10"/>
    </recipe>
    <recipe name="modDyePurple" count="1">
      <ingredient name="resourcePaint" count="10"/>
    </recipe>
    <recipe name="modDyeYellow" count="1">
      <ingredient name="resourcePaint" count="10"/>
    </recipe>
  </append>
  <!-- Included from donovan-lessgrind -->
  <!-- Why would you need 5 pieces of meat to make 1 cooked piece of meat? -->
  <set xpath="//recipe[@name='foodBaconAndEggs']/ingredient[@name='foodRawMeat']/@count">3</set>
  <set xpath="//recipe[@name='foodBoiledMeat']/ingredient[@name='foodRawMeat']/@count">3</set>
  <set xpath="//recipe[@name='foodCharredMeat']/ingredient[@name='foodRawMeat']/@count">3</set>
  <set xpath="//recipe[@name='foodChiliDog']/ingredient[@name='foodRawMeat']/@count">3</set>
  <set xpath="//recipe[@name='foodGrilledMeat']/ingredient[@name='foodRawMeat']/@count">3</set>
  <set xpath="//recipe[@name='foodMeatStew']/ingredient[@name='foodRawMeat']/@count">5</set>
  <set xpath="//recipe[@name='ironBars']/ingredient[@name='unit_iron']/@count">50</set>
  <set xpath="//recipe[@name='ironBarsCentered']/ingredient[@name='unit_iron']/@count">50</set>
  <set xpath="//recipe[@name='trapSpikesIronDmg0']/ingredient[@name='resourceForgedIron']/@name">resourceScrapIron</set>
  <set xpath="//recipe[@name='trapSpikesIronDmg0']/ingredient[@name='resourceScrapIron']/@count">40</set>
  <!-- You should be able to make a bone knife with only one bone -->
  <set xpath="//recipe[@name='meleeWpnBladeT0BoneKnife']/ingredient[@name='resourceBone']/@count">1</set>
  <!-- You should be able to make lockpics with scrap iron -->
  <set xpath="//recipe[starts-with(@name, 'resourceLockPick')]/ingredient[@name='resourceForgedIron']/@name">resourceScrapIron</set>
  <set xpath="//recipe[starts-with(@name, 'resourceLockPick')]/ingredient[@name='resourceScrapIron']/@count">10</set>
  <set xpath="//recipe[starts-with(@name, 'resourceLockPick')]/ingredient[@name='resourceMechanicalParts']/@count">1</set>
  <!-- Beaker -->
  <append xpath="/recipes">
    <recipe name="toolBeaker" count="1" material_based="true" craft_area="forge" craft_tool="toolForgeCrucible" tags="perkAdvancedEngineering">
      <ingredient name="unit_glass" count="100"/>
      <ingredient name="unit_lead" count="50"/>
      <ingredient name="unit_clay" count="50"/>
    </recipe>
  </append>
</bundle>
