<configs>
<append xpath="/lootcontainers">	

<!-- zombieArlene -->
		<lootcontainer name="zombieArlene" count="1,4" size="6,3" sound_open="UseActions/open_corpse" sound_close="UseActions/close_corpse" loot_quality_template="qualBaseTemplate">
			<item group="groupApparelClothes" loot_prob_template="high"/>
			<item group="perkBooks" loot_prob_template="low"/>
			<item group="groupSavageCountryCrate02" loot_prob_template="med" force_prob="true"/>
			<item group="groupDumpsterFood" loot_prob_template="high"/>
			<item name="oldCash"  count="5,10" loot_prob_template="high"/>
			<item name="foodRottingFlesh" count="1,3" loot_prob_template="high"/>
			<item name="resourceLockPick"  count="1,3" loot_prob_template="veryLow"/>
		</lootcontainer>
		
<!-- zombieArleneFeral -->
		<lootcontainer name="zombieArleneFeral" count="1,4" size="6,3" sound_open="UseActions/open_corpse" sound_close="UseActions/close_corpse" loot_quality_template="qualBaseTemplate">
			<item group="groupApparelShirtLong" loot_prob_template="high"/>
			<item group="groupApparelTankTopTShirt" loot_prob_template="high"/>
			<item group="groupDumpsterFood" loot_prob_template="high"/>
			<item name="oldCash"  count="5,10" loot_prob_template="high"/>
			<item name="resourceRepairKit" count="1" loot_prob_template="high"/>
			<item name="foodRottingFlesh" count="1,3" loot_prob_template="med"/>
			<item name="resourceLockPick"  count="1,3" loot_prob_template="veryLow" force_prob="true"/> 
		</lootcontainer>
		
<!-- zombieArleneRadiated -->
		<lootcontainer name="zombieArleneRadiated" count="1,7" size="6,3" sound_open="UseActions/open_corpse" sound_close="UseActions/close_corpse" loot_quality_template="qualBaseTemplate">
			<item group="groupApparelShirtLong" loot_prob_template="high"/>
			<item group="groupApparelTankTopTShirt" loot_prob_template="high"/>
			<item group="groupDumpsterFood" loot_prob_template="high"/>
			<item name="oldCash"  count="5,10" loot_prob_template="high"/>
			<item name="resourceRepairKit" count="1" loot_prob_template="high"/>
			<item name="casinoCoin"  count="5,100" loot_prob_template="high"/>
		</lootcontainer>
		
<!-- zombieMarlene -->
		<lootcontainer name="zombieMarlene" count="1,4" size="6,3" sound_open="UseActions/open_corpse" sound_close="UseActions/close_corpse" loot_quality_template="qualBaseTemplate">
			<item group="groupApparelClothes" loot_prob_template="high"/>
			<item group="perkBooks" loot_prob_template="low"/>
			<item group="groupSavageCountryCrate02" loot_prob_template="med" force_prob="true"/>
			<item group="groupDumpsterFood" loot_prob_template="high"/>
			<item name="oldCash"  count="5,10" loot_prob_template="high"/>
			<item name="foodRottingFlesh" count="1,3" loot_prob_template="high"/>
			<item name="resourceLockPick"  count="1,3" loot_prob_template="veryLow"/>
		</lootcontainer>
		
<!-- zombieMarleneFeral -->
		<lootcontainer name="zombieMarleneFeral" count="1,4" size="6,3" sound_open="UseActions/open_corpse" sound_close="UseActions/close_corpse" loot_quality_template="qualBaseTemplate">
			<item group="groupApparelShirtLong" loot_prob_template="high"/>
			<item group="groupApparelTankTopTShirt" loot_prob_template="high"/>
			<item group="groupDumpsterFood" loot_prob_template="high"/>
			<item name="oldCash"  count="5,10" loot_prob_template="high"/>
			<item name="resourceRepairKit" count="1" loot_prob_template="high"/>
			<item name="foodRottingFlesh" count="1,3" loot_prob_template="med"/>
			<item name="resourceLockPick"  count="1,3" loot_prob_template="veryLow" force_prob="true"/> 
		</lootcontainer>
		
<!-- zombieMarleneRadiated -->
		<lootcontainer name="zombieMarleneRadiated" count="1,8" size="6,3" sound_open="UseActions/open_corpse" sound_close="UseActions/close_corpse" loot_quality_template="qualBaseTemplate">
			<item group="groupApparelShirtLong" loot_prob_template="high"/>
			<item group="groupApparelTankTopTShirt" loot_prob_template="high"/>
			<item group="groupDumpsterFood" loot_prob_template="high"/>
			<item name="oldCash"  count="5,10" loot_prob_template="high"/>
			<item name="resourceRepairKit" count="1" loot_prob_template="high"/>
			<item name="casinoCoin"  count="5,100" loot_prob_template="high"/>
			<item group="groupAmmoSmall" loot_prob_template="med"/>
			<item group="groupSmallAmmoMedMed" loot_prob_template="high" force_prob="true"/>
			<item group="groupWeaponsLowHighMed" count="1"/>
			<item group="groupWeaponsHighMedLow" loot_prob_template="med" force_prob="true"/>
		</lootcontainer>
		
<!-- zombiePartygirl -->
		<lootcontainer name="zombiePartygirl" count="1,2" size="6,3" sound_open="UseActions/open_corpse" sound_close="UseActions/close_corpse" loot_quality_template="qualBaseTemplate">
			<item name="oldCash"  count="5,10" loot_prob_template="high"/>
			<item name="casinoCoin"  count="5,100" loot_prob_template="high"/>
			<item name="foodRottingFlesh" count="1,3" loot_prob_template="high"/>
			<item name="resourceLockPick"  count="1,3" loot_prob_template="veryLow"/>
		</lootcontainer>
		
<!-- zombiePartygirlFeral -->
		<lootcontainer name="zombiePartygirlFeral" count="1,2" size="6,3" sound_open="UseActions/open_corpse" sound_close="UseActions/close_corpse" loot_quality_template="qualBaseTemplate">
			<item name="oldCash"  count="5,10" loot_prob_template="high"/>
			<item name="casinoCoin"  count="50,500" loot_prob_template="high"/>
			<item name="foodRottingFlesh" count="1,3" loot_prob_template="med"/>
			<item name="resourceLockPick"  count="1,3" loot_prob_template="veryLow" force_prob="true"/> 
		</lootcontainer>
		
<!-- zombiePartygirlRadiated -->
		<lootcontainer name="zombiePartygirlRadiated" count="1,3" size="6,3" sound_open="UseActions/open_corpse" sound_close="UseActions/close_corpse" loot_quality_template="qualBaseTemplate">
			<item name="oldCash"  count="5,10" loot_prob_template="high"/>
			<item name="casinoCoin"  count="50,500" loot_prob_template="high"/>
			<item name="resourceLockPick"  count="1,3" loot_prob_template="high" force_prob="true"/> 
		</lootcontainer>
		
<!-- zombieNurse -->
		<lootcontainer name="zombieNurse" count="1,2" size="6,3" sound_open="UseActions/open_corpse" sound_close="UseActions/close_corpse" loot_quality_template="qualBaseTemplate">
			<item name="oldCash"  count="5,10" loot_prob_template="high"/>
			<item group="groupMedicalPileSmall" loot_prob_template="low"/>
			<item group="groupMedicalCommon" loot_prob_template="low"/>
			<item name="medicalFirstAidBandage" count="1,2" loot_prob_template="high"/>
		</lootcontainer>
		
<!-- zombieNurseFeral -->
		<lootcontainer name="zombieNurseFeral" count="1,2" size="6,3" sound_open="UseActions/open_corpse" sound_close="UseActions/close_corpse" loot_quality_template="qualBaseTemplate">
			<item name="oldCash"  count="5,10" loot_prob_template="high"/>
			<item group="groupMedicalPileSmall" prob="0.6"/>
			<item group="groupMedicalCommon" count="1"/>
			<item name="medicalFirstAidBandage" count="1,2" loot_prob_template="high"/>
			<item name="medicalFirstAidKit" count="1" loot_prob_template="low"/>
			<item group="groupMedicalUncommon" loot_prob_template="med"/>
			<item name="medicalFirstAidBandage" count="1,2" loot_prob_template="high"/>
		</lootcontainer>
		
<!-- zombieNurseRadiated -->
		<lootcontainer name="zombieNurseRadiated" count="1,2" size="6,3" sound_open="UseActions/open_corpse" sound_close="UseActions/close_corpse" loot_quality_template="qualBaseTemplate">
			<item name="oldCash"  count="5,10" loot_prob_template="high"/>
			<item group="groupMedicalPileSmall" prob="0.6"/>
			<item group="groupMedicalCommon" count="1"/>
			<item name="medicalFirstAidBandage" count="1,2" loot_prob_template="high"/>
			<item name="medicalFirstAidKit" count="1" loot_prob_template="low"/>
			<item group="groupMedicalUncommon" loot_prob_template="med"/>
			<item group="groupMedicalRare" loot_prob_template="veryLow"/>
			<item group="groupPopNPillsCrate"/>
		</lootcontainer>
		
<!-- zombieJoe -->
		<lootcontainer name="zombieJoe" count="1,2" size="6,3" sound_open="UseActions/open_corpse" sound_close="UseActions/close_corpse" loot_quality_template="qualBaseTemplate">
			<item group="groupApparelClothes" loot_prob_template="high"/>
			<item group="perkBooks" loot_prob_template="low"/>
			<item group="groupSavageCountryCrate02" loot_prob_template="med" force_prob="true"/>
			<item group="groupDumpsterFood" loot_prob_template="high"/>
			<item name="oldCash"  count="5,10" loot_prob_template="high"/>
			<item name="foodRottingFlesh" count="1,3" loot_prob_template="high"/>
			<item name="resourceLockPick"  count="1,3" loot_prob_template="veryLow"/>
		</lootcontainer>
		
<!-- zombieJoeFeral -->
		<lootcontainer name="zombieJoeFeral" count="1,2" size="6,3" sound_open="UseActions/open_corpse" sound_close="UseActions/close_corpse" loot_quality_template="qualBaseTemplate">
			<item group="groupApparelShirtLong" loot_prob_template="high"/>
			<item group="groupApparelTankTopTShirt" loot_prob_template="high"/>
			<item group="groupDumpsterFood" loot_prob_template="high"/>
			<item name="oldCash"  count="5,10" loot_prob_template="high"/>
			<item name="resourceRepairKit" count="1" loot_prob_template="high"/>
			<item name="foodRottingFlesh" count="1,3" loot_prob_template="med"/>
			<item name="resourceLockPick"  count="1,3" loot_prob_template="veryLow" force_prob="true"/>
		</lootcontainer>
		
<!-- zombieJoeRadiated -->
		<lootcontainer name="zombieJoeRadiated" count="1,2" size="6,3" sound_open="UseActions/open_corpse" sound_close="UseActions/close_corpse" loot_quality_template="qualBaseTemplate">
			<item group="groupApparelShirtLong" loot_prob_template="high"/>
			<item group="groupApparelTankTopTShirt" loot_prob_template="high"/>
			<item group="groupDumpsterFood" loot_prob_template="high"/>
			<item name="oldCash"  count="5,10" loot_prob_template="high"/>
			<item name="resourceRepairKit" count="1" loot_prob_template="high"/>
			<item name="casinoCoin"  count="5,100" loot_prob_template="high"/>
			<item group="groupAmmoSmall" loot_prob_template="med"/>
			<item group="groupSmallAmmoMedMed" loot_prob_template="high" force_prob="true"/>
			<item group="groupWeaponsLowHighMed" count="1"/>
			<item group="groupWeaponsHighMedLow" loot_prob_template="med" force_prob="true"/>
		</lootcontainer>
		
<!-- zombieSteve -->
		<lootcontainer name="zombieSteve" count="1,2" size="6,3" sound_open="UseActions/open_corpse" sound_close="UseActions/close_corpse" loot_quality_template="qualBaseTemplate">
			<item group="groupApparelClothes" loot_prob_template="high"/>
			<item group="perkBooks" loot_prob_template="low"/>
			<item group="groupSavageCountryCrate02" loot_prob_template="med" force_prob="true"/>
			<item group="groupDumpsterFood" loot_prob_template="high"/>
			<item name="oldCash"  count="5,10" loot_prob_template="high"/>
			<item name="foodRottingFlesh" count="1,3" loot_prob_template="high"/>
			<item name="resourceLockPick"  count="1,3" loot_prob_template="veryLow"/>
		</lootcontainer>
		
<!-- zombieSteveFeral -->
		<lootcontainer name="zombieSteveFeral" count="1,2" size="6,3" sound_open="UseActions/open_corpse" sound_close="UseActions/close_corpse" loot_quality_template="qualBaseTemplate">
			<item group="groupApparelShirtLong" loot_prob_template="high"/>
			<item group="groupApparelTankTopTShirt" loot_prob_template="high"/>
			<item group="groupDumpsterFood" loot_prob_template="high"/>
			<item name="oldCash"  count="5,10" loot_prob_template="high"/>
			<item name="resourceRepairKit" count="1" loot_prob_template="high"/>
			<item name="foodRottingFlesh" count="1,3" loot_prob_template="med"/>
			<item name="resourceLockPick"  count="1,3" loot_prob_template="veryLow" force_prob="true"/>
			<item group="groupAmmoSmall" loot_prob_template="med"/>
		</lootcontainer>
		
<!-- zombieSteveRadiated -->
		<lootcontainer name="zombieSteveRadiated" count="1,2" size="6,3" sound_open="UseActions/open_corpse" sound_close="UseActions/close_corpse" loot_quality_template="qualBaseTemplate">
			<item group="groupApparelShirtLong" loot_prob_template="high"/>
			<item group="groupApparelTankTopTShirt" loot_prob_template="high"/>
			<item group="groupDumpsterFood" loot_prob_template="high"/>
			<item name="oldCash"  count="5,10" loot_prob_template="high"/>
			<item name="resourceRepairKit" count="1" loot_prob_template="high"/>
			<item name="casinoCoin"  count="5,100" loot_prob_template="high"/>
			<item group="groupAmmoSmall" loot_prob_template="med"/>
			<item group="groupSmallAmmoMedMed" loot_prob_template="high" force_prob="true"/>
			<item group="groupWeaponsLowHighMed" count="1"/>
			<item group="groupWeaponsHighMedLow" loot_prob_template="med" force_prob="true"/>
		</lootcontainer>
		
<!-- zombieTomClark-->
		<lootcontainer name="zombieTomClark" count="1,2" size="6,3" sound_open="UseActions/open_corpse" sound_close="UseActions/close_corpse" loot_quality_template="qualBaseTemplate">
			<item group="groupApparelClothes" loot_prob_template="high"/>
			<item group="perkBooks" loot_prob_template="low"/>
			<item group="groupSavageCountryCrate02" loot_prob_template="med" force_prob="true"/>
			<item group="groupDumpsterFood" loot_prob_template="high"/>
			<item name="oldCash"  count="5,10" loot_prob_template="high"/>
			<item name="foodRottingFlesh" count="1,3" loot_prob_template="high"/>
			<item name="resourceLockPick"  count="1,3" loot_prob_template="veryLow"/>
			<item group="groupAmmoSmall" loot_prob_template="med"/>
		</lootcontainer>
		
<!-- zombieTomClarkFeral-->
		<lootcontainer name="zombieTomClarkFeral" count="1,2" size="6,3" sound_open="UseActions/open_corpse" sound_close="UseActions/close_corpse" loot_quality_template="qualBaseTemplate">
			<item group="groupApparelShirtLong" loot_prob_template="high"/>
			<item group="groupApparelTankTopTShirt" loot_prob_template="high"/>
			<item group="groupDumpsterFood" loot_prob_template="high"/>
			<item name="oldCash"  count="5,10" loot_prob_template="high"/>
			<item name="resourceRepairKit" count="1" loot_prob_template="high"/>
			<item name="foodRottingFlesh" count="1,3" loot_prob_template="med"/>
			<item name="resourceLockPick"  count="1,3" loot_prob_template="veryLow" force_prob="true"/>
			<item group="groupAmmoSmall" loot_prob_template="high"/>
		</lootcontainer>
		
<!-- zombieTomClarkRadiated-->
		<lootcontainer name="zombieTomClarkRadiated" count="1,2" size="6,3" sound_open="UseActions/open_corpse" sound_close="UseActions/close_corpse" loot_quality_template="qualBaseTemplate">
			<item group="groupApparelShirtLong" loot_prob_template="high"/>
			<item group="groupApparelTankTopTShirt" loot_prob_template="high"/>
			<item group="groupDumpsterFood" loot_prob_template="high"/>
			<item name="oldCash"  count="5,10" loot_prob_template="high"/>
			<item name="resourceRepairKit" count="1" loot_prob_template="high"/>
			<item name="casinoCoin"  count="5,100" loot_prob_template="high"/>
			<item group="groupAmmoSmall" loot_prob_template="high"/>
			<item group="groupSmallAmmoMedMed" loot_prob_template="high" force_prob="true"/>
			<item group="groupWeaponsLowHighMed" count="1"/>
			<item group="groupWeaponsHighMedLow" loot_prob_template="med" force_prob="true"/>
		</lootcontainer>
		
<!-- zombieBusinessMan -->
		<lootcontainer name="zombieBusinessMan" count="1,2" size="6,3" sound_open="UseActions/open_corpse" sound_close="UseActions/close_corpse" loot_quality_template="qualBaseTemplate">
			<item name="oldCash"  count="5,10" loot_prob_template="high"/>
			<item name="casinoCoin"  count="5,10" loot_prob_template="low"/>
			<item name="resourceLockPick"  count="1,3" loot_prob_template="low"/>
		</lootcontainer>
		
<!-- zombieBusinessManFeral -->
		<lootcontainer name="zombieBusinessManFeral" count="1,2" size="6,3" sound_open="UseActions/open_corpse" sound_close="UseActions/close_corpse" loot_quality_template="qualBaseTemplate">
			<item name="oldCash"  count="5,10" loot_prob_template="high"/>
			<item name="casinoCoin"  count="5,10" loot_prob_template="low"/>
			<item name="resourceLockPick"  count="1,3" loot_prob_template="low"/>
			<item group="groupAmmoSmall" loot_prob_template="high"/>
		</lootcontainer>
		
<!-- zombieBusinessManRadiated -->
		<lootcontainer name="zombieBusinessManRadiated" count="1,2" size="6,3" sound_open="UseActions/open_corpse" sound_close="UseActions/close_corpse" loot_quality_template="qualBaseTemplate">
			<item name="oldCash"  count="5,10" loot_prob_template="high"/>
			<item name="casinoCoin"  count="5,10" loot_prob_template="low"/>
			<item name="resourceLockPick"  count="1,3" loot_prob_template="low"/>
		</lootcontainer>
		
<!-- zombieBurnt -->
		<lootcontainer name="zombieBurnt" count="1,2" size="6,3" sound_open="UseActions/open_corpse" sound_close="UseActions/close_corpse" loot_quality_template="qualBaseTemplate">
			<item name="oldCash"  count="5,10" loot_prob_template="high"/>
			<item name="foodRottingFlesh" count="1,3" loot_prob_template="high"/>
			<item name="resourceBone" count="1,3" loot_prob_template="med"/>
			<item name="resourceCoal" count="1,2" loot_prob_template="med"/>
		</lootcontainer>
		
<!-- zombieBurntFeral -->
		<lootcontainer name="zombieBurntFeral" count="2,4" size="6,3" sound_open="UseActions/open_corpse" sound_close="UseActions/close_corpse" loot_quality_template="qualBaseTemplate">
			<item name="oldCash"  count="5,10" loot_prob_template="high"/>
			<item name="foodRottingFlesh" count="1,3" loot_prob_template="high"/>
			<item name="resourceBone" count="1,3" loot_prob_template="med"/>
			<item name="resourceCoal" count="1,2" loot_prob_template="med"/>
		</lootcontainer>
		
<!-- zombieBurntRadiated -->
		<lootcontainer name="zombieBurntRadiated" count="2,4" size="6,3" sound_open="UseActions/open_corpse" sound_close="UseActions/close_corpse" loot_quality_template="qualBaseTemplate">
			<item name="oldCash"  count="5,10" loot_prob_template="high"/>
			<item name="foodRottingFlesh" count="1,3" loot_prob_template="high"/>
			<item name="resourceBone" count="1,3" loot_prob_template="med"/>
			<item name="resourceCoal" count="1,2" loot_prob_template="med"/>
			<item group="weaponParts" loot_prob_template="medHigh"/>
		</lootcontainer>
		
<!-- zombieSpider -->
		<lootcontainer name="zombieSpider" count="1,2" size="6,3" sound_open="UseActions/open_corpse" sound_close="UseActions/close_corpse" loot_quality_template="qualBaseTemplate">
			<item name="oldCash"  count="5,10" loot_prob_template="high"/>
			<item name="foodRottingFlesh" count="1,3" loot_prob_template="high"/>
			<item name="resourceBone" count="1,3" loot_prob_template="med"/>
		</lootcontainer>
		
<!-- zombieSpiderFeral -->
		<lootcontainer name="zombieSpiderFeral" count="1,2" size="6,3" sound_open="UseActions/open_corpse" sound_close="UseActions/close_corpse" loot_quality_template="qualBaseTemplate">
			<item name="oldCash"  count="5,10" loot_prob_template="high"/>
			<item name="foodRottingFlesh" count="1,3" loot_prob_template="high"/>
			<item name="resourceBone" count="1,3" loot_prob_template="med"/>
			<item group="groupSmallAmmoMedMed" loot_prob_template="high" force_prob="true"/>
			<item name="casinoCoin"  count="5,10" loot_prob_template="low"/>
		</lootcontainer>
		
<!-- zombieSpiderRadiated -->
		<lootcontainer name="zombieSpiderRadiated" count="1,2" size="6,3" sound_open="UseActions/open_corpse" sound_close="UseActions/close_corpse" loot_quality_template="qualBaseTemplate">
			<item name="oldCash"  count="5,10" loot_prob_template="high"/>
			<item name="foodRottingFlesh" count="1,3" loot_prob_template="high"/>
			<item name="resourceBone" count="1,3" loot_prob_template="med"/>
			<item group="groupSmallAmmoMedMed" loot_prob_template="high" force_prob="true"/>
			<item name="casinoCoin"  count="5,10" loot_prob_template="high"/>
		</lootcontainer>
		
<!-- Zombie Boe -->
		<lootcontainer name="ZombieBoe" count="1,2" size="6,3" sound_open="UseActions/open_corpse" sound_close="UseActions/close_corpse" loot_quality_template="qualBaseTemplate">
			<item group="groupApparelClothes" loot_prob_template="high"/>
			<item group="perkBooks" loot_prob_template="low"/>
			<item group="groupSavageCountryCrate02" loot_prob_template="med" force_prob="true"/>
			<item group="groupDumpsterFood" loot_prob_template="high"/>
			<item name="oldCash"  count="5,10" loot_prob_template="high"/>
			<item name="foodRottingFlesh" count="1,3" loot_prob_template="high"/>
			<item name="resourceLockPick"  count="1,3" loot_prob_template="veryLow"/>
		</lootcontainer>
		
<!-- zombieBoeFeral -->
		<lootcontainer name="zombieBoeFeral" count="1,2" size="6,3" sound_open="UseActions/open_corpse" sound_close="UseActions/close_corpse" loot_quality_template="qualBaseTemplate">
			<item group="groupApparelShirtLong" loot_prob_template="high"/>
			<item group="groupApparelTankTopTShirt" loot_prob_template="high"/>
			<item group="groupDumpsterFood" loot_prob_template="high"/>
			<item name="oldCash"  count="5,10" loot_prob_template="high"/>
			<item name="resourceRepairKit" count="1" loot_prob_template="high"/>
			<item name="foodRottingFlesh" count="1,3" loot_prob_template="med"/>
			<item name="resourceLockPick"  count="1,3" loot_prob_template="veryLow" force_prob="true"/>
		</lootcontainer>
		
<!-- zombieBoeRadiated -->
		<lootcontainer name="zombieBoeRadiated" count="1,2" size="6,3" sound_open="UseActions/open_corpse" sound_close="UseActions/close_corpse" loot_quality_template="qualBaseTemplate">
			<item group="groupApparelShirtLong" loot_prob_template="high"/>
			<item group="groupApparelTankTopTShirt" loot_prob_template="high"/>
			<item group="groupDumpsterFood" loot_prob_template="high"/>
			<item name="oldCash"  count="5,10" loot_prob_template="high"/>
			<item name="resourceRepairKit" count="1" loot_prob_template="high"/>
			<item name="casinoCoin"  count="5,100" loot_prob_template="high"/>
		</lootcontainer>
		
<!-- zombieJanitor -->
		<lootcontainer name="zombieJanitor" count="1,2" size="6,3" sound_open="UseActions/open_corpse" sound_close="UseActions/close_corpse" loot_quality_template="qualBaseTemplate">
			<item name="oldCash"  count="5,10" loot_prob_template="high"/>
			<item group="groupUtilityItems" loot_prob_template="Low"/>
			<item group="groupElectricalDevices" loot_prob_template="low"/>
		</lootcontainer>
		
<!-- zombieJanitorFeral -->
		<lootcontainer name="zombieJanitorFeral" count="1,2" size="6,3" sound_open="UseActions/open_corpse" sound_close="UseActions/close_corpse" loot_quality_template="qualBaseTemplate">
			<item name="oldCash"  count="5,10" loot_prob_template="high"/>
			<item name="meleeToolRepairT1ClawHammer" loot_prob_template="med"/>
			<item name="meleeToolSalvageT1Wrench" loot_prob_template="ProbT1"/>
			<item group="groupCraftingUncommon" loot_prob_template="med"/>
			<item group="groupBuildingUncommon" loot_prob_template="med"/>
			<item group="groupToolsTiered" loot_prob_template="low"/>
		</lootcontainer>
		
<!-- zombieJanitorRadiated -->
		<lootcontainer name="zombieJanitorRadiated" count="1,2" size="6,3" sound_open="UseActions/open_corpse" sound_close="UseActions/close_corpse" loot_quality_template="qualBaseTemplate">
			<item name="oldCash"  count="5,10" loot_prob_template="high"/>
			<item group="groupWorkingStiffsCrate" loot_prob_template="high"/>
			<item group="groupCraftingRare" loot_prob_template="med"/>
			<item group="groupBuildingRare" loot_prob_template="med"/>
			<item group="groupWorkingStiffsBooks" loot_prob_template="medLow"/>
			<item group="workstationToolsScaled" loot_prob_template="low"/>
		</lootcontainer>
		
<!-- zombieMoe -->
		<lootcontainer name="zombieMoe" count="1,2" size="6,3" sound_open="UseActions/open_corpse" sound_close="UseActions/close_corpse" loot_quality_template="qualBaseTemplate">
			<item name="oldCash"  count="5,10" loot_prob_template="high"/>
			<item group="groupSmallAmmoMedMed" loot_prob_template="low" force_prob="true"/>
			<item group="groupDumpsterFood" prob="0.05"/>
			<item group="groupPurse"/>
			<item name="resourceLockPick"  count="1,3" loot_prob_template="low"/>
		</lootcontainer>
		
<!-- zombieMoeFeral -->
		<lootcontainer name="zombieMoeFeral" count="1,2" size="6,3" sound_open="UseActions/open_corpse" sound_close="UseActions/close_corpse" loot_quality_template="qualBaseTemplate">
			<item name="oldCash"  count="5,10" loot_prob_template="high"/>
			<item group="groupSmallAmmoMedMed" loot_prob_template="med" force_prob="true"/>
			<item group="groupDumpsterFood" prob="0.05"/>
			<item group="groupPurse"/>
			<item name="resourceLockPick"  count="1,3" loot_prob_template="med"/>
			<item group="groupWeaponsHighMedLow" loot_prob_template="med" force_prob="true"/>
		</lootcontainer>
		
<!-- zombieMoeRadiated -->
		<lootcontainer name="zombieMoeRadiated" count="1,2" size="6,3" sound_open="UseActions/open_corpse" sound_close="UseActions/close_corpse" loot_quality_template="qualBaseTemplate">
			<item name="oldCash"  count="5,10" loot_prob_template="high"/>
			<item group="groupSmallAmmoMedMed" loot_prob_template="med" force_prob="true"/>
			<item group="groupDumpsterFood" prob="0.05"/>
			<item group="groupPurse"/>
			<item name="resourceLockPick"  count="1,3" loot_prob_template="med"/>
			<item group="groupWeaponsHighMedLow" loot_prob_template="high" force_prob="true"/>
		</lootcontainer>
		
<!-- zombieLab -->
		<lootcontainer name="zombieLab" count="1,2" size="6,3" sound_open="UseActions/open_corpse" sound_close="UseActions/close_corpse" loot_quality_template="qualBaseTemplate">
			<item name="oldCash"  count="5,10" loot_prob_template="high"/>
			<item group="groupMedicalPileSmall" prob="0.6"/>
			<item group="groupMedicalCommon" count="1"/>
		</lootcontainer>
		
<!-- zombieLabFeral -->
		<lootcontainer name="zombieLabFeral" count="1,2" size="6,3" sound_open="UseActions/open_corpse" sound_close="UseActions/close_corpse" loot_quality_template="qualBaseTemplate">
			<item name="oldCash"  count="5,10" loot_prob_template="high"/>
			<item group="groupMedicalPileSmall" prob="0.6"/>
			<item group="groupMedicalCommon" count="1"/>
			<item name="medicalFirstAidBandage" count="1,2" loot_prob_template="high"/>
			<item name="medicalFirstAidKit" count="1" loot_prob_template="low"/>
			<item group="groupMedicalUncommon" loot_prob_template="med"/>
		</lootcontainer>
		
<!-- zombieLabRadiated -->
		<lootcontainer name="zombieLabRadiated" count="1,2" size="6,3" sound_open="UseActions/open_corpse" sound_close="UseActions/close_corpse" loot_quality_template="qualBaseTemplate">
			<item name="oldCash"  count="5,10" loot_prob_template="high"/>
			<item group="groupMedicalPileSmall" prob="0.6"/>
			<item group="groupMedicalCommon" count="1"/>
			<item name="medicalFirstAidBandage" count="1,2" loot_prob_template="high"/>
			<item name="medicalFirstAidKit" count="1" loot_prob_template="low"/>
			<item group="groupMedicalUncommon" loot_prob_template="med"/>
			<item group="groupMedicalRare" loot_prob_template="veryLow"/>
			<item group="groupPopNPillsCrate"/>
		</lootcontainer>
		
<!-- zombieDarlene -->
		<lootcontainer name="zombieDarlene" count="1,2" size="6,3" sound_open="UseActions/open_corpse" sound_close="UseActions/close_corpse" loot_quality_template="qualBaseTemplate">
			<item group="groupApparelClothes" loot_prob_template="high"/>
			<item group="perkBooks" loot_prob_template="low"/>
			<item group="groupSavageCountryCrate02" loot_prob_template="med" force_prob="true"/>
			<item group="groupDumpsterFood" loot_prob_template="high"/>
			<item name="oldCash"  count="5,10" loot_prob_template="high"/>
			<item name="foodRottingFlesh" count="1,3" loot_prob_template="high"/>
			<item name="resourceLockPick"  count="1,3" loot_prob_template="veryLow"/>
		</lootcontainer>
		
<!-- zombieDarleneFeral -->
		<lootcontainer name="zombieDarleneFeral" count="1,2" size="6,3" sound_open="UseActions/open_corpse" sound_close="UseActions/close_corpse" loot_quality_template="qualBaseTemplate">
			<item group="groupApparelShirtLong" loot_prob_template="high"/>
			<item group="groupApparelTankTopTShirt" loot_prob_template="high"/>
			<item group="groupDumpsterFood" loot_prob_template="high"/>
			<item name="oldCash"  count="5,10" loot_prob_template="high"/>
			<item name="resourceRepairKit" count="1" loot_prob_template="high"/>
			<item name="foodRottingFlesh" count="1,3" loot_prob_template="med"/>
			<item name="resourceLockPick"  count="1,3" loot_prob_template="veryLow" force_prob="true"/> 
		</lootcontainer>
		
<!-- zombieDarleneRadiated -->
		<lootcontainer name="zombieDarleneRadiated" count="1,2" size="6,3" sound_open="UseActions/open_corpse" sound_close="UseActions/close_corpse" loot_quality_template="qualBaseTemplate">
			<item group="groupApparelShirtLong" loot_prob_template="high"/>
			<item group="groupApparelTankTopTShirt" loot_prob_template="high"/>
			<item group="groupDumpsterFood" loot_prob_template="high"/>
			<item name="oldCash"  count="5,10" loot_prob_template="high"/>
			<item name="resourceRepairKit" count="1" loot_prob_template="high"/>
			<item name="foodRottingFlesh" count="1,3" loot_prob_template="med"/>
			<item name="resourceLockPick"  count="1,3" loot_prob_template="veryLow" force_prob="true"/> 
		</lootcontainer>
		
<!-- zombieYo -->
		<lootcontainer name="zombieYo" count="1,2" size="6,3" sound_open="UseActions/open_corpse" sound_close="UseActions/close_corpse" loot_quality_template="qualBaseTemplate">
			<item group="groupApparelClothes" loot_prob_template="high"/>
			<item group="perkBooks" loot_prob_template="low"/>
			<item group="groupSavageCountryCrate02" loot_prob_template="med" force_prob="true"/>
			<item group="groupDumpsterFood" loot_prob_template="high"/>
			<item name="oldCash"  count="5,10" loot_prob_template="high"/>
			<item name="foodRottingFlesh" count="1,3" loot_prob_template="high"/>
			<item name="resourceLockPick"  count="1,3" loot_prob_template="veryLow"/>
		</lootcontainer>
		
<!-- zombieYoFeral -->
		<lootcontainer name="zombieYoFeral" count="1,2" size="6,3" sound_open="UseActions/open_corpse" sound_close="UseActions/close_corpse" loot_quality_template="qualBaseTemplate">
			<item group="groupApparelShirtLong" loot_prob_template="high"/>
			<item group="groupApparelTankTopTShirt" loot_prob_template="high"/>
			<item group="groupDumpsterFood" loot_prob_template="high"/>
			<item name="oldCash"  count="5,10" loot_prob_template="high"/>
			<item name="resourceRepairKit" count="1" loot_prob_template="low"/>
			<item name="foodRottingFlesh" count="1,3" loot_prob_template="med"/>
			<item name="resourceLockPick"  count="1,3" loot_prob_template="veryLow" force_prob="true"/> 
		</lootcontainer>
		
<!-- zombieYoRadiated -->
		<lootcontainer name="zombieYoRadiated" count="1,2" size="6,3" sound_open="UseActions/open_corpse" sound_close="UseActions/close_corpse" loot_quality_template="qualBaseTemplate">
			<item group="groupApparelShirtLong" loot_prob_template="high"/>
			<item group="groupApparelTankTopTShirt" loot_prob_template="high"/>
			<item group="groupDumpsterFood" loot_prob_template="high"/>
			<item name="oldCash"  count="5,10" loot_prob_template="high"/>
			<item name="resourceRepairKit" count="1" loot_prob_template="high"/>
			<item name="foodRottingFlesh" count="1,3" loot_prob_template="med"/>
			<item name="resourceLockPick"  count="1,3" loot_prob_template="veryLow" force_prob="true"/> 
		</lootcontainer>
		
<!-- zombieUtilityWorker -->
		<lootcontainer name="zombieUtilityWorker" count="1,2" size="6,3" sound_open="UseActions/open_corpse" sound_close="UseActions/close_corpse" loot_quality_template="qualBaseTemplate">
			<item name="oldCash"  count="5,10" loot_prob_template="high"/>
			<item group="groupUtilityItems" loot_prob_template="Low"/>
			<item group="groupElectricalDevices" loot_prob_template="low"/>
			<item name="resourceLockPick"  count="1,3" loot_prob_template="veryLow" force_prob="true"/> 
		</lootcontainer>
		
<!-- zombieUtilityWorkerFeral -->
		<lootcontainer name="zombieUtilityWorkerFeral" count="1,2" size="6,3" sound_open="UseActions/open_corpse" sound_close="UseActions/close_corpse" loot_quality_template="qualBaseTemplate">
			<item name="oldCash"  count="5,10" loot_prob_template="high"/>
			<item name="meleeToolRepairT1ClawHammer" loot_prob_template="med"/>
			<item name="meleeToolSalvageT1Wrench" loot_prob_template="med"/>
			<item group="groupCraftingUncommon" loot_prob_template="med"/>
			<item group="groupBuildingUncommon" loot_prob_template="med"/>
			<item group="groupToolsTiered" loot_prob_template="low"/>
			<item name="resourceLockPick"  count="1,3" loot_prob_template="veryLow" force_prob="true"/> 
		</lootcontainer>
		
<!-- zombieUtilityWorkerRadiated-->
		<lootcontainer name="zombieUtilityWorkerRadiated" count="1,2" size="6,3" sound_open="UseActions/open_corpse" sound_close="UseActions/close_corpse" loot_quality_template="qualBaseTemplate">
			<item name="oldCash"  count="5,10" loot_prob_template="high"/>
			<item group="groupWorkingStiffsCrate" loot_prob_template="high"/>
			<item group="groupCraftingRare" loot_prob_template="med"/>
			<item group="groupBuildingRare" loot_prob_template="med"/>
			<item group="groupWorkingStiffsBooks" loot_prob_template="medLow"/>
			<item group="workstationToolsScaled" loot_prob_template="low"/>
			<item name="resourceLockPick"  count="1,3" loot_prob_template="veryLow" force_prob="true"/> 
		</lootcontainer>
		
<!-- zombieBiker -->
		<lootcontainer name="zombieBiker" count="1,2" size="6,3" sound_open="UseActions/open_corpse" sound_close="UseActions/close_corpse" loot_quality_template="qualBaseTemplate">
			<item name="oldCash"  count="5,10" loot_prob_template="high"/>
			<item name="gunShotgunT2PumpShotgun" loot_prob_template="ProbT1" force_prob="true"/>
			<item name="ammo9mmBulletBall" count="6,8" loot_prob_template="med"/>
			<item group="groupAmmoSmall" loot_prob_template="high"/>
		</lootcontainer>
		
<!-- zombieBikerFeral -->
		<lootcontainer name="zombieBikerFeral" count="1,2" size="6,3" sound_open="UseActions/open_corpse" sound_close="UseActions/close_corpse" loot_quality_template="qualBaseTemplate">
			<item name="oldCash"  count="5,10" loot_prob_template="high"/>
			<item name="gunShotgunT2PumpShotgun" loot_prob_template="ProbT1" force_prob="true"/>
			<item name="ammo9mmBulletBall" count="6,8" loot_prob_template="med"/>
			<item group="groupAmmoSmall" loot_prob_template="high"/>
		</lootcontainer>
		
<!-- zombieBikerRadiated -->
		<lootcontainer name="zombieBikerRadiated" count="1,2" size="6,3" sound_open="UseActions/open_corpse" sound_close="UseActions/close_corpse" loot_quality_template="qualBaseTemplate">
			<item name="oldCash"  count="5,10" loot_prob_template="high"/>
			<item group="groupShotgunMessiahCrate" loot_prob_template="high"/>
			<item name="ammo9mmBulletBall" count="6,8" loot_prob_template="med"/>
			<item group="groupAmmoSmall" loot_prob_template="high"/>
			<item group="weaponParts" loot_prob_template="medHigh"/>
			<item group="groupWeaponsHighMedLow" loot_prob_template="med" force_prob="true"/>
		</lootcontainer>
		
<!-- zombieLumberjack -->
		<lootcontainer name="zombieLumberjack" count="1,2" size="6,3" sound_open="UseActions/open_corpse" sound_close="UseActions/close_corpse" loot_quality_template="qualBaseTemplate">
			<item name="oldCash"  count="5,10" loot_prob_template="high"/>
			<item name="resourceWood" count="5,20" loot_prob_template="med"/>
			<item name="meleeToolAxeT1IronFireaxe" loot_prob_template="ProbT1"/>
		</lootcontainer>
		
<!-- zombieLumberjackFeral -->
		<lootcontainer name="zombieLumberjackFeral" count="1,2" size="6,3" sound_open="UseActions/open_corpse" sound_close="UseActions/close_corpse" loot_quality_template="qualBaseTemplate">
			<item name="oldCash"  count="5,10" loot_prob_template="high"/>
			<item name="resourceWood" count="50,200" loot_prob_template="med"/>
			<item name="meleeToolAxeT2SteelAxe" loot_prob_template="ProbT1"/>
		</lootcontainer>
		
<!-- zombieLumberjackRadiated-->
		<lootcontainer name="zombieLumberjackRadiated" count="2,4" size="6,3" sound_open="UseActions/open_corpse" sound_close="UseActions/close_corpse" loot_quality_template="qualBaseTemplate">
			<item name="oldCash"  count="5,10" loot_prob_template="high"/>
			<item name="meleeToolAxeT3Chainsaw" loot_prob_template="ProbT2"/>
			<item group="groupAmmoMedium" loot_prob_template="med"/>
			<item name="meleeToolAxeT2SteelAxe" loot_prob_template="ProbT1"/>
			<item group="groupFoodUncommon" loot_prob_template="low"/>
			<item name="resourceWood" count="50,200" loot_prob_template="med"/>
		</lootcontainer>
		
<!-- zombieFemaleFat -->
		<lootcontainer name="zombieFemaleFat" count="1,2" size="6,3" sound_open="UseActions/open_corpse" sound_close="UseActions/close_corpse" loot_quality_template="qualBaseTemplate">
			<item name="oldCash"  count="5,10" loot_prob_template="high"/>
			<item group="groupFoodPileCommon" loot_prob_template="high"/>
			<item group="groupFoodUncommon" loot_prob_template="med"/>
			<item group="groupFoodRare" loot_prob_template="veryLow"/>
			<item group="groupDrinksCommon" loot_prob_template="high"/>
			<item group="groupDrinksUncommon" loot_prob_template="low"/>
			<item group="groupDrinksRare" loot_prob_template="veryLow"/>
			<item name="casinoCoin"  count="5,10" loot_prob_template="low"/>
			<item name="resourceLockPick"  count="1,3" loot_prob_template="low"/>
		</lootcontainer>
		
<!-- zombieFemaleFatFeral -->
		<lootcontainer name="zombieFemaleFatFeral" count="1,2" size="6,3" sound_open="UseActions/open_corpse" sound_close="UseActions/close_corpse" loot_quality_template="qualBaseTemplate">
			<item group="groupFoodPileCommon" loot_prob_template="high"/>
			<item group="groupFoodUncommon" loot_prob_template="med"/>
			<item group="groupFoodRare" loot_prob_template="low"/>
			<item group="groupDrinksCommon" loot_prob_template="high"/>
			<item group="groupDrinksUncommon" loot_prob_template="low"/>
			<item group="groupDrinksRare" loot_prob_template="veryLow"/>
			<item group="groupAmmoSmall" count="1"/>
			<item group="groupSmallAmmoLowHigh" loot_prob_template="low" force_prob="true"/>
			<item group="groupWeaponsMedMedLow" loot_prob_template="low" force_prob="true"/>
			<item name="casinoCoin"  count="5,10" loot_prob_template="low"/>
			<item name="resourceLockPick"  count="1,3" loot_prob_template="low"/>
		</lootcontainer>
		
<!-- zombieFemaleFatRadiated -->
		<lootcontainer name="zombieFemaleFatRadiated" count="1,2" size="6,3" sound_open="UseActions/open_corpse" sound_close="UseActions/close_corpse" loot_quality_template="qualBaseTemplate">
			<item group="groupFoodPileCommon" loot_prob_template="high"/>
			<item group="groupFoodUncommon" loot_prob_template="med"/>
			<item group="groupFoodRare" loot_prob_template="low"/>
			<item group="groupDrinksCommon" loot_prob_template="high"/>
			<item group="groupDrinksUncommon" loot_prob_template="low"/>
			<item group="groupDrinksRare" loot_prob_template="veryLow"/>
			<item group="groupAmmoMedium01" count="1"/>
			<item group="groupSmallAmmoMedMed" loot_prob_template="high" force_prob="true"/>
			<item group="groupSmallAmmoLowHigh" loot_prob_template="med" force_prob="true"/>
			<item group="groupWeaponsMedMedMed" loot_prob_template="low" force_prob="true"/>
		</lootcontainer>
		
<!-- zombieFatHawaiian -->
		<lootcontainer name="zombieFatHawaiian" count="2,4" size="6,3" sound_open="UseActions/open_corpse" sound_close="UseActions/close_corpse" loot_quality_template="qualBaseTemplate">
			<item name="oldCash"  count="5,10" loot_prob_template="high"/>
			<item group="groupFoodPileCommon" loot_prob_template="high"/>
			<item group="groupFoodUncommon" loot_prob_template="med"/>
			<item group="groupFoodRare" loot_prob_template="veryLow"/>
			<item group="groupDrinksCommon" loot_prob_template="high"/>
			<item group="groupDrinksUncommon" loot_prob_template="low"/>
			<item group="groupDrinksRare" loot_prob_template="veryLow"/>
			<item name="casinoCoin"  count="5,10" loot_prob_template="low"/>
			<item name="resourceLockPick"  count="1,3" loot_prob_template="low"/>
		</lootcontainer>
		
<!-- zombieFatHawaiianFeral -->
		<lootcontainer name="zombieFatHawaiianFeral" count="2,4" size="6,3" sound_open="UseActions/open_corpse" sound_close="UseActions/close_corpse" loot_quality_template="qualBaseTemplate">
			<item group="groupFoodPileCommon" loot_prob_template="high"/>
			<item group="groupFoodUncommon" loot_prob_template="med"/>
			<item group="groupFoodRare" loot_prob_template="low"/>
			<item group="groupDrinksCommon" loot_prob_template="high"/>
			<item group="groupDrinksUncommon" loot_prob_template="low"/>
			<item group="groupDrinksRare" loot_prob_template="veryLow"/>
			<item group="groupAmmoSmall" count="1"/>
			<item group="groupSmallAmmoLowHigh" loot_prob_template="low" force_prob="true"/>
			<item group="groupWeaponsMedMedLow" loot_prob_template="low" force_prob="true"/>
			<item name="casinoCoin"  count="5,10" loot_prob_template="low"/>
			<item name="resourceLockPick"  count="1,3" loot_prob_template="low"/>
		</lootcontainer>
		
<!-- zombieFatHawaiianRadiated -->
		<lootcontainer name="zombieFatHawaiianRadiated" count="3,6" size="6,3" sound_open="UseActions/open_corpse" sound_close="UseActions/close_corpse" loot_quality_template="qualBaseTemplate">
			<item group="groupFoodPileCommon" loot_prob_template="high"/>
			<item group="groupFoodUncommon" loot_prob_template="med"/>
			<item group="groupFoodRare" loot_prob_template="low"/>
			<item group="groupDrinksCommon" loot_prob_template="high"/>
			<item group="groupDrinksUncommon" loot_prob_template="low"/>
			<item group="groupDrinksRare" loot_prob_template="veryLow"/>
			<item group="groupAmmoMedium01" count="1"/>
			<item group="groupSmallAmmoMedMed" loot_prob_template="high" force_prob="true"/>
			<item group="groupSmallAmmoLowHigh" loot_prob_template="med" force_prob="true"/>
			<item group="groupWeaponsMedMedMed" loot_prob_template="low" force_prob="true"/>
		</lootcontainer>
		
<!-- zombieMaleHazmat -->
		<lootcontainer name="zombieMaleHazmat" count="1,2" size="6,3" sound_open="UseActions/open_corpse" sound_close="UseActions/close_corpse" loot_quality_template="qualBaseTemplate">
			<item name="apparelHazmatBoots" loot_prob_template="low"/>
			<item name="apparelHazmatPants" loot_prob_template="low"/>
			<item name="apparelHazmatJacket" loot_prob_template="low"/>
			<item name="apparelHazmatGloves" loot_prob_template="low"/>
			<item name="foodRottingFlesh" count="1,3" loot_prob_template="high"/>
		</lootcontainer>
		
<!-- zombieMaleHazmatFeral-->
		<lootcontainer name="zombieMaleHazmatFeral" count="2,4" size="6,3" sound_open="UseActions/open_corpse" sound_close="UseActions/close_corpse" loot_quality_template="qualBaseTemplate">
			<item name="apparelHazmatBoots" loot_prob_template="med"/>
			<item name="apparelHazmatPants" loot_prob_template="med"/>
			<item name="apparelHazmatJacket" loot_prob_template="med"/>
			<item name="apparelHazmatGloves" loot_prob_template="med"/>
			<item name="foodRottingFlesh" count="1,3" loot_prob_template="high"/>
		</lootcontainer>
		
<!-- zombieMaleHazmatRadiated-->
		<lootcontainer name="zombieMaleHazmatRadiated" count="4,6" size="6,3" sound_open="UseActions/open_corpse" sound_close="UseActions/close_corpse" loot_quality_template="qualBaseTemplate">
			<item name="apparelHazmatBoots" loot_prob_template="high"/>
			<item name="apparelHazmatPants" loot_prob_template="high"/>
			<item name="apparelHazmatJacket" loot_prob_template="high"/>
			<item name="apparelHazmatGloves" loot_prob_template="high"/>
			<item name="foodRottingFlesh" count="1,3" loot_prob_template="high"/>
		</lootcontainer>
		
<!-- zombieFatCop -->
		<lootcontainer name="zombieFatCop" count="2,6" size="6,3" sound_open="UseActions/open_corpse" sound_close="UseActions/close_corpse" loot_quality_template="qualBaseTemplate">
			<item name="oldCash"  count="5,10" loot_prob_template="high"/>
			<item name="gunHandgunT1Pistol" loot_prob_template="ProbT1"/>
			<item name="ammo9mmBulletBall" count="6,8" loot_prob_template="med"/>
			<item name="casinoCoin"  count="5,10" loot_prob_template="low"/>
			<item name="resourceLockPick"  count="1,3" loot_prob_template="low"/>
			<item group="groupAmmoSmall" count="1"/>
			<item group="groupSmallAmmoLowHigh" loot_prob_template="low" force_prob="true"/>
			<item group="groupWeaponsMedMedLow" loot_prob_template="low" force_prob="true"/>
		</lootcontainer>
		
<!-- zombieFatCopFeral -->
		<lootcontainer name="zombieFatCopFeral" count="2,6" size="6,3" sound_open="UseActions/open_corpse" sound_close="UseActions/close_corpse" loot_quality_template="qualBaseTemplate">
			<item name="oldCash"  count="5,10" loot_prob_template="high"/>
			<item name="gunHandgunT1Pistol" loot_prob_template="ProbT1"/>
			<item name="casinoCoin"  count="5,10" loot_prob_template="low"/>
			<item name="resourceLockPick"  count="1,3" loot_prob_template="low"/>
			<item group="groupAmmoMedium01" count="1"/>
			<item group="groupSmallAmmoMedMed" loot_prob_template="high" force_prob="true"/>
			<item group="groupSmallAmmoLowHigh" loot_prob_template="med" force_prob="true"/>
			<item group="groupWeaponsMedMedMed" loot_prob_template="low" force_prob="true"/>
		</lootcontainer>
		
<!-- zombieFatCopRadiated -->
		<lootcontainer name="zombieFatCopRadiated" count="4,6" size="6,3" sound_open="UseActions/open_corpse" sound_close="UseActions/close_corpse" loot_quality_template="qualBaseTemplate">
			<item name="oldCash"  count="5,10" loot_prob_template="high"/>
			<item name="gunHandgunT1Pistol" loot_prob_template="ProbT1"/>
			<item name="casinoCoin"  count="5,10" loot_prob_template="low"/>
			<item name="resourceLockPick"  count="1,3" loot_prob_template="low"/>
			<item group="groupAmmoLarge" count="2"/>
			<item group="groupAmmoResourcesLarge" count="2"/>
			<item group="groupAmmoMediumNoArrow" loot_prob_template="med" force_prob="true"/>
			<item group="groupAmmoSmallNoArrow" loot_prob_template="low" force_prob="true"/>
			<item group="groupWeaponsLowMedHigh" loot_prob_template="med" force_prob="true"/>
			<item group="groupWeaponsLowMedHigh" loot_prob_template="low" force_prob="true"/>
			<item name="gunHandgunT2Magnum44" loot_prob_template="ProbT2"/>
		</lootcontainer>
		
<!-- zombieSkateboarder -->
		<lootcontainer name="zombieSkateboarder" count="1,2" size="6,3" sound_open="UseActions/open_corpse" sound_close="UseActions/close_corpse" loot_quality_template="qualBaseTemplate">
			<item group="groupApparelShirtLong" loot_prob_template="high"/>
			<item group="groupApparelTankTopTShirt" loot_prob_template="high"/>
			<item group="groupDumpsterFood" loot_prob_template="high"/>
			<item name="oldCash"  count="5,10" loot_prob_template="high"/>
			<item name="foodRottingFlesh" count="1,3" loot_prob_template="high"/>
			<item name="resourceLockPick"  count="1,3" loot_prob_template="veryLow"/>
			<item name="meleeWpnBladeT1HuntingKnife" loot_prob_template="veryLow"/>
			<item name="meleeWpnClubT3SteelClub" loot_prob_template="veryLow"/>
		</lootcontainer>
		
<!-- zombieSkateboarderFeral -->
		<lootcontainer name="zombieSkateboarderFeral" count="2,4" size="6,3" sound_open="UseActions/open_corpse" sound_close="UseActions/close_corpse" loot_quality_template="qualBaseTemplate">
			<item group="groupApparelShirtLong" loot_prob_template="high"/>
			<item group="groupApparelTankTopTShirt" loot_prob_template="high"/>
			<item group="groupDumpsterFood" loot_prob_template="high"/>
			<item name="oldCash"  count="5,10" loot_prob_template="high"/>
			<item name="resourceRepairKit" count="1" loot_prob_template="high"/>
			<item name="foodRottingFlesh" count="1,3" loot_prob_template="med"/>
			<item name="resourceLockPick"  count="1,3" loot_prob_template="veryLow" force_prob="true"/> 
			<item name="meleeWpnBladeT1HuntingKnife" loot_prob_template="low"/>
			<item name="meleeWpnClubT3SteelClub" loot_prob_template="Low"/>
		</lootcontainer>
		
<!-- zombieSkateboarderRadiated -->
		<lootcontainer name="zombieSkateboarderRadiated" count="3,6" size="6,3" sound_open="UseActions/open_corpse" sound_close="UseActions/close_corpse" loot_quality_template="qualBaseTemplate">
			<item group="groupApparelShirtLong" loot_prob_template="high"/>
			<item group="groupApparelTankTopTShirt" loot_prob_template="high"/>
			<item group="groupDumpsterFood" loot_prob_template="high"/>
			<item name="oldCash"  count="5,10" loot_prob_template="high"/>
			<item name="resourceRepairKit" count="1" loot_prob_template="high"/>
			<item name="casinoCoin"  count="5,100" loot_prob_template="high"/>
			<item name="meleeWpnBladeT1HuntingKnife" loot_prob_template="low"/>
			<item name="meleeWpnClubT3SteelClub" loot_prob_template="low"/>
		</lootcontainer>
		
<!-- zombieSoldier -->
		<lootcontainer name="zombieSoldier" count="2,6" size="6,3" sound_open="UseActions/open_corpse" sound_close="UseActions/close_corpse" loot_quality_template="qualBaseTemplate">
			<item name="oldCash"  count="5,10" loot_prob_template="high"/>
			<item name="gunHandgunT1Pistol" loot_prob_template="ProbT1"/>
			<item group="groupMilitaryGear" loot_prob_template="medLow"/>
			<item group="groupArmorModsScaled" loot_prob_template="low"/>
			<item name="meleeWpnBladeT1HuntingKnife" loot_prob_template="low"/>
			<item group="groupAmmoSmall" loot_prob_template="high"/>
			<item group="weaponSkillMagazinesOnly" loot_prob_template="medHigh"/>
			<item group="groupMilitaryBooks" loot_prob_template="med"/>
			<item group="groupAmmoMedium" loot_prob_template="med"/>
		</lootcontainer>
		
<!-- zombieSoldierFeral -->
		<lootcontainer name="zombieSoldierFeral" count="2,6" size="6,3" sound_open="UseActions/open_corpse" sound_close="UseActions/close_corpse" loot_quality_template="qualBaseTemplate">
			<item name="oldCash"  count="5,10" loot_prob_template="high"/>
			<item name="gunHandgunT1Pistol" loot_prob_template="ProbT1"/>
			<item group="groupMilitaryGear" loot_prob_template="medLow"/>
			<item group="groupArmorModsScaled" loot_prob_template="low"/>
			<item name="meleeWpnBladeT1HuntingKnife" loot_prob_template="veryLow"/>
			<item group="groupAmmoSmall" loot_prob_template="high"/>
			<item group="weaponSkillMagazinesOnly" loot_prob_template="medHigh"/>
			<item group="groupMilitaryBooks" loot_prob_template="med"/>
			<item group="groupAmmoMedium" loot_prob_template="med"/>
			<item name="gunShotgunT3AutoShotgun" loot_prob_template="med"/>
		</lootcontainer>
		
<!-- zombieSoldierRadiated -->
		<lootcontainer name="zombieSoldierRadiated" count="2,6" size="6,3" sound_open="UseActions/open_corpse" sound_close="UseActions/close_corpse" loot_quality_template="qualBaseTemplate">
			<item name="oldCash"  count="5,10" loot_prob_template="high"/>
			<item name="gunHandgunT1Pistol" loot_prob_template="ProbT1"/>
			<item group="groupMilitaryGear" loot_prob_template="medLow"/>
			<item group="groupArmorModsScaled" loot_prob_template="low"/>
			<item name="meleeWpnBladeT1HuntingKnife" loot_prob_template="veryLow"/>
			<item group="groupAmmoSmall" loot_prob_template="high"/>
			<item group="weaponSkillMagazinesOnly" loot_prob_template="medHigh"/>
			<item group="groupMilitaryBooks" loot_prob_template="med"/>
			<item group="groupAmmoMedium" loot_prob_template="med"/>
			<item group="groupTreasureMaps" loot_prob_template="med"/>
			<item name="gunHandgunT3SMG5" loot_prob_template="med"/>
		</lootcontainer>
		
<!-- zombieWightFeral -->
		<lootcontainer name="zombieWightFeral" count="2,4" size="6,3" sound_open="UseActions/open_corpse" sound_close="UseActions/close_corpse" loot_quality_template="qualBaseTemplate">
			<item name="oldCash"  count="5,10" loot_prob_template="high"/>
			<item group="groupWeaponsHighMedLow" loot_prob_template="med" force_prob="true"/>
			<item group="groupSmallAmmoMedMed" loot_prob_template="med" force_prob="true"/>
			<item group="weaponParts" loot_prob_template="medHigh"/>
			<item name="resourceRepairKit" count="1" prob="0.1"/>
			<item name="casinoCoin"  count="5,10" loot_prob_template="low"/>
		</lootcontainer>
		
<!-- zombieWightRadiated -->
		<lootcontainer name="zombieWightRadiated" count="2,6" size="6,3" sound_open="UseActions/open_corpse" sound_close="UseActions/close_corpse" loot_quality_template="qualBaseTemplate">
			<item name="oldCash"  count="5,10" loot_prob_template="high"/>
			<item group="groupWeaponsHighMedLow" loot_prob_template="med" force_prob="true"/>
			<item group="groupSmallAmmoMedMed" loot_prob_template="med" force_prob="true"/>
			<item group="weaponParts" loot_prob_template="medHigh"/>
			<item name="resourceRepairKit" count="1" prob="0.1"/>
			<item name="casinoCoin"  count="5,10" loot_prob_template="low"/>
			<item group="groupShotgunMessiahCrate"/>
			<item group="groupAmmoMunitions" />
		</lootcontainer>
		
<!-- zombieScreamer -->
		<lootcontainer name="zombieScreamer" count="1,2" size="6,3" sound_open="UseActions/open_corpse" sound_close="UseActions/close_corpse" loot_quality_template="qualBaseTemplate">
			<item name="oldCash"  count="5,10" loot_prob_template="high"/>
			<item name="casinoCoin"  count="5,10" loot_prob_template="low"/>
			<item name="resourceLockPick"  count="1,3" loot_prob_template="low"/>
			<item group="groupApparelShirtLong" loot_prob_template="high"/>
			<item group="groupApparelTankTopTShirt" loot_prob_template="high"/>
			<item group="groupDumpsterFood" loot_prob_template="high"/>
		</lootcontainer>
		
<!-- zombieScreamerFeral -->
		<lootcontainer name="zombieScreamerFeral" count="2,4" size="6,3" sound_open="UseActions/open_corpse" sound_close="UseActions/close_corpse" loot_quality_template="qualBaseTemplate">
			<item name="oldCash"  count="5,10" loot_prob_template="high"/>
			<item name="casinoCoin"  count="5,10" loot_prob_template="low"/>
			<item name="resourceLockPick"  count="1,3" loot_prob_template="low"/>
			<item group="groupApparelShirtLong" loot_prob_template="high"/>
			<item group="groupApparelTankTopTShirt" loot_prob_template="high"/>
			<item group="groupDumpsterFood" loot_prob_template="high"/>
			<item group="groupAmmoSmall" loot_prob_template="high"/>
		</lootcontainer>
		
<!-- zombieScreamerRadiated -->
		<lootcontainer name="zombieScreamerRadiated" count="3,6" size="6,3" sound_open="UseActions/open_corpse" sound_close="UseActions/close_corpse" loot_quality_template="qualBaseTemplate">
			<item name="oldCash"  count="5,10" loot_prob_template="high"/>
			<item name="casinoCoin"  count="5,10" loot_prob_template="low"/>
			<item name="resourceLockPick"  count="1,3" loot_prob_template="low"/>
			<item group="groupApparelShirtLong" loot_prob_template="high"/>
			<item group="groupApparelTankTopTShirt" loot_prob_template="high"/>
			<item group="groupDumpsterFood" loot_prob_template="high"/>
			<item group="groupAmmoMedium" loot_prob_template="high"/>
		</lootcontainer>
		
<!-- zombieMutated-->
		<lootcontainer name="zombieMutated" count="1,2" size="6,3" sound_open="UseActions/open_corpse" sound_close="UseActions/close_corpse" loot_quality_template="qualBaseTemplate">
			<item group="groupAmmoMunitions" count="4" loot_prob_template="verylow"/>
			<item group="groupAmmoLarge" count="4" loot_prob_template="verylow"/>
			<item group="groupHardenedChestT5_08" count="1" loot_prob_template="verylow"/>
			<item name="casinoCoin"  count="5,10" loot_prob_template="high"/>
		</lootcontainer>
		
<!-- zombieMutatedFeral-->
		<lootcontainer name="zombieMutatedFeral" count="1,2" size="6,3" sound_open="UseActions/open_corpse" sound_close="UseActions/close_corpse" loot_quality_template="qualBaseTemplate">
			<item group="groupAmmoMunitions" count="4"/>
			<item group="groupAmmoLarge" count="4"/>
			<item group="groupHardenedChestT5_08" count="1"/>
			<item name="casinoCoin"  count="5,10" loot_prob_template="high"/>
		</lootcontainer>
		
<!-- zombieMutatedRadiated 291-->
		<lootcontainer name="zombieMutatedRadiated" count="1,2" size="6,3" sound_open="UseActions/open_corpse" sound_close="UseActions/close_corpse" loot_quality_template="qualBaseTemplate">
			<item group="groupAmmoMunitions" count="4"/>
			<item group="groupAmmoLarge" count="4"/>
			<item group="groupHardenedChestT5_08" count="1"/>
			<item group="groupShotgunMessiahCrate02" loot_prob_template="high" force_prob="true"/>
			<item group="groupShotgunMessiahCrate03" loot_prob_template="med" force_prob="true"/>
			<item group="groupShotgunMessiahCrate04" loot_prob_template="low" force_prob="true"/>
			<item name="casinoCoin"  count="5,10" loot_prob_template="high"/>
		</lootcontainer>
		
<!-- zombieDemolition -->
		<lootcontainer name="zombieDemolition" count="1,2" size="6,3" sound_open="UseActions/open_corpse" sound_close="UseActions/close_corpse" loot_quality_template="qualBaseTemplate">
			<item group="groupAmmoMunitions" count="4"/>
			<item group="groupAmmoLarge" count="4"/>
			<item group="groupHardenedChestT5_08" count="1"/>
			<item group="groupShotgunMessiahCrate02" loot_prob_template="high" force_prob="true"/>
			<item group="groupShotgunMessiahCrate03" loot_prob_template="med" force_prob="true"/>
			<item group="groupShotgunMessiahCrate04" loot_prob_template="low" force_prob="true"/>
			<item name="casinoCoin"  count="5,10" loot_prob_template="high"/>
		</lootcontainer>
		
<!-- zombieSteveCrawler -->
		<lootcontainer name="zombieSteveCrawler" count="1,2" size="6,3" sound_open="UseActions/open_corpse" sound_close="UseActions/close_corpse" loot_quality_template="qualBaseTemplate">
			<item name="foodRottingFlesh" count="1,3" loot_prob_template="high"/>
			<item name="resourceBone" count="1,3" loot_prob_template="med"/>
		</lootcontainer>
		
<!-- zombieSteveCrawlerFeral -->
		<lootcontainer name="zombieSteveCrawlerFeral" count="1,2" size="6,3" sound_open="UseActions/open_corpse" sound_close="UseActions/close_corpse" loot_quality_template="qualBaseTemplate">
			<item name="oldCash"  count="5,10" loot_prob_template="high"/>
			<item name="foodRottingFlesh" count="1,3" loot_prob_template="high"/>
			<item name="resourceBone" count="1,3" loot_prob_template="med"/>
			<item group="groupDumpsterFood" prob="0.05"/>
		</lootcontainer>


</append>
</configs>